﻿Designator,Footprint,Quantity,Value,LCSC Part #
BZ1,Buzzer_TDK_PS1240P02BT_D12.2mm_H6.5mm,1,Buzzer,
C4,CP_Radial_D4.0mm_P2.00mm,1,100nF 25V,
"C7, C8",C_Disc_D3.0mm_W2.0mm_P2.50mm,2,12pF,
D2,LED_D5.0mm-4_RGB,1,LED_KRBG,
"D3, D4, D5",D_DO-41_SOD81_P10.16mm_Horizontal,3,1N47xxA,
J1,BarrelJack_Horizontal,1,Barrel_Jack_MountingPin,
"J10, J11, J6, J7",FanPinHeader_1x04_P2.54mm_Vertical,4,Conn_01x04_Socket,
"J12, J14, J3",Altech_AK100_1x02_P5.00mm,3,Screw_Terminal_01x02,
"J2, J4",Pins_1x03_2.54mm_TH,2,Conn_01x03_Socket,
J5,PinSocket_1x03_P2.54mm_Vertical,1,Conn_01x03_Socket,
J8,PinHeader_2x03_P2.54mm_Vertical,1,Conn_02x03_Odd_Even,
J9,PinSocket_1x02_P2.54mm_Vertical,1,Conn_01x02,
L1,L_Axial_L5.3mm_D2.2mm_P10.16mm_Horizontal_Vishay_IM-1,1,10uH 15mA 10%,
"R1, R2, R3",R_Axial_DIN0207_L6.3mm_D2.5mm_P15.24mm_Horizontal,3,330R 1/4W,
"R4, R5, R6",R_Axial_DIN0207_L6.3mm_D2.5mm_P15.24mm_Horizontal,3,10K 1/4W,
"SW1, SW2",SW_PUSH_6mm_H4.3mm,2,SW_Push,
"TP1, TP2, TP3, TP4, TP5, TP6",TestPoint_Pad_04,6,TestPoint,
U1,Aosong_DHT11_5.5x12.0_P2.54mm,1,DHT11,
U2,Vishay_MOLD-3Pin,1,TSDP341xx,
U3,TO-220-3_Horizontal_TabDown,1,L7805,
U4,DIP-28_W7.62mm,1,ATmega328P-P,
Y1,Crystal_HC49-4H_Vertical,1,16MHz,
